<?xml version="1.0" encoding="UTF-8"?>
<project-private xmlns="http://www.netbeans.org/ns/project-private/1">
    <editor-bookmarks xmlns="http://www.netbeans.org/ns/editor-bookmarks/2" lastBookmarkId="0"/>
    <open-files xmlns="http://www.netbeans.org/ns/projectui-open-files/2">
        <group>
            <file>file:/E:/Semester%204/Pemrograman%20Berorientasi%20Objek/Pertemuan%2008/Registration_Form/src/registration_form/DataMahasiswa.java</file>
            <file>file:/E:/Semester%204/Pemrograman%20Berorientasi%20Objek/Pertemuan%2008/Registration_Form/src/registration_form/Mahasiswa.java</file>
            <file>file:/E:/Semester%204/Pemrograman%20Berorientasi%20Objek/Pertemuan%2008/Registration_Form/src/registration_form/Registration.java</file>
            <file>file:/E:/Semester%204/Pemrograman%20Berorientasi%20Objek/Pertemuan%2008/Registration_Form/src/registration_form/Registration_Form.java</file>
        </group>
    </open-files>
</project-private>
