<?xml version="1.0" encoding="UTF-8"?>
<project-private xmlns="http://www.netbeans.org/ns/project-private/1">
    <editor-bookmarks xmlns="http://www.netbeans.org/ns/editor-bookmarks/2" lastBookmarkId="0"/>
    <open-files xmlns="http://www.netbeans.org/ns/projectui-open-files/2">
        <group>
            <file>file:/D:/SEMESTER%204/PBO/KelLimaDDP/KelLimaDPP/src/kellimadpp/JenisUsahaUtama.java</file>
            <file>file:/D:/SEMESTER%204/PBO/KelLimaDDP/KelLimaDPP/src/kellimadpp/Alamat.java</file>
            <file>file:/D:/SEMESTER%204/PBO/KelLimaDDP/KelLimaDPP/src/kellimadpp/BentukBadanHukum.java</file>
            <file>file:/D:/SEMESTER%204/PBO/KelLimaDDP/KelLimaDPP/src/kellimadpp/KantorBPS.java</file>
            <file>file:/D:/SEMESTER%204/PBO/KelLimaDDP/KelLimaDPP/src/kellimadpp/Subsektor.java</file>
            <file>file:/D:/SEMESTER%204/PBO/KelLimaDDP/KelLimaDPP/src/kellimadpp/MForm.java</file>
            <file>file:/D:/SEMESTER%204/PBO/KelLimaDDP/KelLimaDPP/src/kellimadpp/Perusahaan.java</file>
            <file>file:/D:/SEMESTER%204/PBO/KelLimaDDP/KelLimaDPP/src/kellimadpp/Form.java</file>
            <file>file:/D:/SEMESTER%204/PBO/KelLimaDDP/KelLimaDPP/src/kellimadpp/PerusahaanForm.java</file>
            <file>file:/D:/SEMESTER%204/PBO/KelLimaDDP/KelLimaDPP/src/kellimadpp/DPP.java</file>
            <file>file:/D:/SEMESTER%204/PBO/KelLimaDDP/KelLimaDPP/src/kellimadpp/KIP.java</file>
        </group>
    </open-files>
</project-private>
