<?xml version="1.0" encoding="UTF-8"?>
<project-private xmlns="http://www.netbeans.org/ns/project-private/1">
    <editor-bookmarks xmlns="http://www.netbeans.org/ns/editor-bookmarks/2" lastBookmarkId="0"/>
    <open-files xmlns="http://www.netbeans.org/ns/projectui-open-files/2">
        <group>
            <file>file:/C:/Users/ASUS/OneDrive%20-%20UGM%20365/Documents/NetBeansProjects/Tyo/src/latihan/gui2/db.java</file>
            <file>file:/C:/Users/ASUS/OneDrive%20-%20UGM%20365/Documents/NetBeansProjects/Tyo/src/EntryPanel.java</file>
            <file>file:/C:/Users/ASUS/OneDrive%20-%20UGM%20365/Documents/NetBeansProjects/Tyo/src/latihan/gui2/Database.java</file>
            <file>file:/C:/Users/ASUS/OneDrive%20-%20UGM%20365/Documents/NetBeansProjects/Tyo/src/LoginPanel.java</file>
            <file>file:/C:/Users/ASUS/OneDrive%20-%20UGM%20365/Documents/NetBeansProjects/Tyo/src/MainFrame.java</file>
            <file>file:/C:/Users/ASUS/OneDrive%20-%20UGM%20365/Documents/NetBeansProjects/Tyo/src/TestFrame.java</file>
        </group>
    </open-files>
</project-private>
